ic_id,dynamics,integrator,status,t_final_reached,success,residual_success,distance_success,residual_norm,nearest_eq_distance,energy_initial,energy_final,energy_drop,y0_1,y0_2,yT_1,yT_2
0,original,fixed_rk4,event_converged,6.810000000000012,True,False,True,0.004063962558977842,0.004908027587506147,-0.4306168834567709,-0.5962045990380959,0.16558771558132496,-0.7155909287091426,1.3428351054720267,-0.31499336687260987,0.15325325528189215
0,modified,fixed_rk4,event_converged,7.980000000000022,True,False,True,0.0042511269090583425,0.004995784865556969,0.5813179084751459,9.03603999845997e-06,0.5813088724351474,-0.7155909287091426,1.3428351054720267,-0.3144367149798139,0.15324728189681266
1,original,fixed_rk4,event_converged,7.650000000000019,True,False,True,0.004137060238261034,0.004972006181997917,-0.23816638561494152,-0.5962046548991835,0.358038269284242,-1.0668640425241283,2.791343738367649,-0.31487935196491923,0.1533035065487895
1,modified,fixed_rk4,event_converged,8.850000000000003,True,False,True,0.00424779844259651,0.004982280743530944,3.1049503108678347,9.02189580446267e-06,3.10494128897203,-1.0668640425241283,2.791343738367649,-0.31440511089744005,0.15322608987421021
2,original,fixed_rk4,event_converged,6.9900000000000135,True,False,True,0.003947172174290443,0.00491296995238432,-0.20953358619996343,-0.5962036866516297,0.3866701004516663,1.4420798027558854,-0.2508120454072187,-0.31519721698302944,0.1434762386703797
2,modified,fixed_rk4,event_converged,8.52000000000001,True,False,True,0.004149533463331396,0.004909157884214383,1.732206134326767,8.609313981653525e-06,1.7321975250127852,1.4420798027558854,-0.2508120454072187,-0.31652129921951977,0.14356495859129878
3,original,fixed_rk4,event_converged,7.3500000000000165,True,False,True,0.004396897037378843,0.0049962077597534215,-0.3282050548807425,-0.5962055697705916,0.2680005148898491,-1.7546863904034076,-2.9825003566875425,-0.3172264442334516,0.14367082390116817
3,modified,fixed_rk4,event_converged,8.430000000000012,True,False,True,0.004275641485457496,0.004924317454876145,4.885694223012513,9.140555056082592e-06,4.885685082457457,-1.7546863904034076,-2.9825003566875425,-0.3169882895958834,0.14366768595181245
4,original,fixed_rk4,event_converged,7.77000000000002,True,False,True,0.00403312353747201,0.004921654524397093,0.08910218612840423,-0.596204345258668,0.6853065313870722,1.7055890902114559,-1.6009902414718806,-0.31586208416173966,0.14346504509508903
4,modified,fixed_rk4,event_converged,9.209999999999996,True,False,True,0.00423079714096077,0.004972902711838834,3.137641905072086,8.94982222398091e-06,3.1376329552498623,1.7055890902114559,-1.6009902414718806,-0.31665327194396525,0.14352814581007362
5,original,fixed_rk4,event_converged,6.210000000000007,True,False,True,0.004482541531898237,0.004882163465089487,-0.4428248484873356,-0.5962016696666386,0.15337682117930296,-2.9072298383478437,-0.9331269034614764,-0.31926037553373054,0.15154745933362357
5,modified,fixed_rk4,event_converged,7.620000000000019,True,False,True,0.004049917904672366,0.00495146022010915,4.352377491447507,8.200917517292902e-06,4.35236929052999,-2.9072298383478437,-0.9331269034614764,-0.3152876553371852,0.15332127877001228
6,original,fixed_rk4,event_converged,7.140000000000015,True,False,True,0.004399304841069611,0.004901417206380681,-0.4508259091196372,-0.5962058391992484,0.1453799300796112,-1.9783596555362528,-2.70571340621307,-0.3174919811397963,0.14387723592905838
6,modified,fixed_rk4,event_converged,8.04000000000002,True,False,True,0.00434300221263559,0.004958006956697109,4.713262837210133,9.430834109478816e-06,4.713253406376023,-1.9783596555362528,-2.70571340621307,-0.3171401704064035,0.14368125798501366
7,original,fixed_rk4,event_converged,5.910000000000005,True,False,True,0.004881165723415146,0.004879820928830332,-0.5962063415400474,-0.5962065068169383,1.6527689095102716e-07,-1.5898425640531841,-1.1246460315253142,-0.3190024597101894,0.14493000673005152
7,modified,fixed_rk4,event_converged,5.910000000000005,True,False,True,0.0048726017696949534,0.0048698913862696485,1.622602731597364,1.1871124003017195e-05,1.622590860473361,-1.5898425640531841,-1.1246460315253142,-0.31899938707514097,0.1449409900783709
8,original,fixed_rk4,event_converged,7.80000000000002,True,False,True,0.004091836322141623,0.004961578935187753,0.08758390950719286,-0.5962044675741418,0.6837883770813347,1.303000313588928,-1.9906677325430855,-0.31602134391560804,0.1434377185559259
8,modified,fixed_rk4,event_converged,9.239999999999995,True,False,True,0.004174865769756527,0.004898770089214342,2.928694467814365,8.714752097742376e-06,2.9286857530622674,1.303000313588928,-1.9906677325430855,-0.3166670180495753,0.14360741442501201
9,original,fixed_rk4,event_converged,6.660000000000011,True,False,True,0.004873546827471441,0.0049204454029359536,-0.5954966183862779,-0.5962064995918535,0.0007098812055755799,-2.8770578316990063,-2.496028162402583,-0.31889175442887036,0.14476693132813748
9,modified,fixed_rk4,event_converged,6.7500000000000115,True,False,True,0.0047958973411038166,0.004894756841521938,6.723522007653042,1.150031565320333e-05,6.723510507337388,-2.8770578316990063,-2.496028162402583,-0.31872317576180687,0.14465148248518755
10,original,fixed_rk4,event_converged,5.760000000000003,True,False,True,0.005296905311610026,0.004911077200316125,-0.5620854571658661,-0.5962046800786669,0.034119222912800784,-2.143085435156574,-1.0638814079837948,-0.32041720472037266,0.1477365981803679
10,modified,fixed_rk4,event_converged,6.030000000000006,True,False,True,0.004074340187974594,0.004908684943409083,2.594864686843931,8.300123983672426e-06,2.5948563867199472,-2.143085435156574,-1.0638814079837948,-0.31792722565233267,0.15267021651125873
11,original,fixed_rk4,event_converged,7.1100000000000145,True,False,True,0.004195847778862605,0.004976669340155582,-0.30161533088189685,-0.5962049121027939,0.29458958122089707,-0.28357620868783107,-1.6146151601482148,-0.3164862793574264,0.14348924577900124
11,modified,fixed_rk4,event_converged,8.400000000000013,True,False,True,0.004195460231741205,0.0048972206179930524,1.0393365529408165,8.800943278060983e-06,1.0393277519975384,-0.28357620868783107,-1.6146151601482148,-0.3167574989819227,0.14363115245734245
12,original,fixed_rk4,event_converged,7.440000000000017,True,False,True,0.004075930348613824,0.004976013433455682,-0.2605402543069689,-0.5962042827698253,0.33566402846285637,-1.6939746759293535,1.8502612991110867,-0.31524763759106894,0.15334360744775893
12,modified,fixed_rk4,event_converged,8.730000000000006,True,False,True,0.004156395196854552,0.004898194494852846,2.0632319915870054,8.637810516217795e-06,2.0632233537764892,-1.6939746759293535,1.8502612991110867,-0.31450873610864744,0.15316333802532492
13,original,fixed_rk4,event_converged,7.020000000000014,True,False,True,0.0039361851825405235,0.004889486360680349,-0.33438901574686286,-0.5962037984566948,0.26181478270983194,-1.9512305731727184,0.8340795018012894,-0.31581569080593996,0.15325882255234277
13,modified,fixed_rk4,event_converged,8.340000000000014,True,False,True,0.0042081510747274285,0.004991913892718434,1.5501993006439383,8.854267733864804e-06,1.5501904463762044,-1.9512305731727184,0.8340795018012894,-0.31461260545545655,0.15328015809137024
14,original,fixed_rk4,event_converged,5.670000000000003,True,False,True,0.00474725052073735,0.004875533231816013,-0.5953145922604516,-0.5962064557867598,0.000891863526308212,0.5335303971143794,1.0915384516046576,-0.3124720077096273,0.15215939128585482
14,modified,fixed_rk4,event_converged,5.850000000000004,True,False,True,0.004675900456317948,0.004901288024470252,0.7844263159822514,1.0932022538697198e-05,0.7844153839597128,0.5335303971143794,1.0915384516046576,-0.31273900292268436,0.152393142671287
15,original,fixed_rk4,event_converged,7.380000000000017,True,False,True,0.004302260151256366,0.004984157962519745,-0.2560380117053225,-0.5962053004525447,0.34016728874722224,-1.1231444328658589,-2.631543779959462,-0.3169080851072534,0.14358166644330597
15,modified,fixed_rk4,event_converged,8.55000000000001,True,False,True,0.004305968544298445,0.0049919842718998434,3.2068708431525472,9.270682552243835e-06,3.206861572469995,-1.1231444328658589,-2.631543779959462,-0.3168982750339651,0.14357076488088272
16,original,fixed_rk4,event_converged,3.629999999999991,True,False,True,0.0039792295971951925,0.004981154644352863,-0.5944116035651799,-0.5962031171036106,0.0017915135384307668,-0.2502715704347005,0.08221062875306906,-0.3146994425771748,0.1434683263700087
16,modified,fixed_rk4,event_converged,4.559999999999993,True,False,True,0.004125703675994629,0.0049947791061706595,0.003449214038287912,8.510715411057795e-06,0.003440703322876854,-0.2502715704347005,0.08221062875306906,-0.31606134618011444,0.14340833770820036
17,original,fixed_rk4,event_converged,7.9500000000000215,True,False,True,0.004042580132437006,0.004927801015359452,-0.17846178151580355,-0.5962043647036872,0.41774258318788365,-2.5085139338871283,2.838945795781184,-0.31521148768206253,0.15329296501974232
17,modified,fixed_rk4,event_converged,9.209999999999996,True,False,True,0.004207189563766577,0.00495583186166222,5.436487504147649,8.850222012733201e-06,5.436478653925636,-2.5085139338871283,2.838945795781184,-0.3144883351483598,0.15321788161531405
18,original,fixed_rk4,event_converged,6.480000000000009,True,False,True,0.004442534102684631,0.004940653874491404,-0.5481373423511202,-0.5962058485923889,0.04806850624126868,-1.2289091971798356,-1.436666012972839,-0.31753435783573264,0.1438528968220642
18,modified,fixed_rk4,event_converged,7.290000000000016,True,False,True,0.004346920971029695,0.004950315268815572,1.4370163962273768,9.447860964188873e-06,1.4370069483664125,-1.2289091971798356,-1.436666012972839,-0.3171764642493795,0.14370186580797364
19,original,fixed_rk4,event_converged,7.530000000000018,True,False,True,0.003978554973544772,0.004935836977681098,0.041301190501517177,-0.5962038099697394,0.6375050004712566,2.4564719777013373,-0.4865337527390561,-0.3153444783249473,0.1434450300213087
19,modified,fixed_rk4,event_converged,9.059999999999999,True,False,True,0.004204629407476623,0.004965688602577962,4.218956977497599,8.83945422710861e-06,4.2189481380433715,2.4564719777013373,-0.4865337527390561,-0.3165649305575848,0.14351622104123962
20,original,fixed_rk4,event_converged,7.320000000000016,True,False,True,0.003966309824235277,0.00490330677826416,-0.2706899297515047,-0.5962039730204617,0.325514043268957,-2.2077067389022087,1.2117927595309173,-0.31562637866805804,0.1532793491344898
20,modified,fixed_rk4,event_converged,8.640000000000008,True,False,True,0.004171427248294542,0.004937359987290962,2.246974812610035,8.700402643907087e-06,2.246966112207391,-2.2077067389022087,1.2117927595309173,-0.31458085173897227,0.15321837435778096
21,original,fixed_rk4,event_converged,6.930000000000013,True,False,True,0.0039875087859751294,0.004984294896934844,-0.33212052441517964,-0.5962032936556438,0.2640827692404642,-2.319628134991728,0.48520955606232974,-0.31621846241582435,0.15331566628770346
21,modified,fixed_rk4,event_converged,8.340000000000014,True,False,True,0.004139387305048029,0.004927460789155087,2.162203315010582,8.56726363059639e-06,2.1621947477469514,-2.319628134991728,0.48520955606232974,-0.3146915420491763,0.15322912366178854
22,original,fixed_rk4,event_converged,6.960000000000013,True,False,True,0.003984800991314861,0.004884229543709918,-0.3755127026898722,-0.5962042578636375,0.22069155517376532,-1.2644874734482807,1.1906926628344614,-0.31536003114006866,0.15325727913280232
22,modified,fixed_rk4,event_converged,8.220000000000017,True,False,True,0.004179590462560908,0.004933658639444413,0.8341957138570084,8.734488217365052e-06,0.834186979368791,-1.2644874734482807,1.1906926628344614,-0.31453139597754864,0.1532044495511772
23,original,fixed_rk4,event_converged,7.320000000000016,True,False,True,0.004164019626762532,0.004940607501631882,-0.33757848300734655,-0.5962049276186686,0.25862644461132206,-0.33885029581040316,2.4192777568808816,-0.31462622914216754,0.15323052369376117
23,modified,fixed_rk4,event_converged,8.460000000000012,True,False,True,0.00423163989683141,0.0049441663734162925,2.0201389651829857,8.953388108227675e-06,2.0201300117948775,-0.33885029581040316,2.4192777568808816,-0.31434584885388667,0.1531724555561559
24,original,fixed_rk4,event_converged,6.030000000000006,True,False,True,0.004390342319607704,0.0049365953952402505,-0.43763508015848357,-0.5962015242279116,0.15856644406942805,1.7395627416716088,0.9543717527488234,-0.31214815700604587,0.14479743313935622
24,modified,fixed_rk4,event_converged,7.620000000000019,True,False,True,0.004081978757221238,0.004947902488732518,2.803110434622128,8.331275287202722e-06,2.803102103346841,1.7395627416716088,0.9543717527488234,-0.3160281689813037,0.14345211852021045
25,original,fixed_rk4,event_converged,7.3500000000000165,True,False,True,0.004269351779651232,0.004902563273726437,-0.3043755813438692,-0.5962054651630887,0.2918298838192195,-1.384707227327422,-2.705041407714938,-0.3170294909320518,0.1437033012944358
25,modified,fixed_rk4,event_converged,8.460000000000012,True,False,True,0.004278985406718889,0.004946485665096194,3.674691023267856,9.154858055456609e-06,3.6746818684098,-1.384707227327422,-2.705041407714938,-0.316933773442108,0.14362825835470916
26,original,fixed_rk4,event_converged,6.810000000000012,True,False,True,0.004004922836170846,0.004980654621784569,-0.3777563324895582,-0.5962036408376744,0.2184473083481162,-1.7119753464561216,0.7262527458489636,-0.31587577475371453,0.15334652724160094
26,modified,fixed_rk4,event_converged,8.160000000000018,True,False,True,0.004178858883230027,0.004960077111298557,1.1285861320239055,8.731430782975253e-06,1.1285774005931224,-1.7119753464561216,0.7262527458489636,-0.3146297991713247,0.15325101374661498
27,original,fixed_rk4,event_converged,7.680000000000019,True,False,True,0.004010576974103124,0.004961330936621041,0.09696944416457323,-0.5962038944437832,0.6931733386083564,2.645435784890349,-0.7298287695967174,-0.31545432245061966,0.14341622241175303
27,modified,fixed_rk4,event_converged,9.209999999999996,True,False,True,0.004186520821726604,0.004939163273389555,4.8642430545085755,8.763478295375201e-06,4.8642342910302805,2.645435784890349,-0.7298287695967174,-0.3165785795301405,0.1435462157157185
28,original,fixed_rk4,event_converged,7.380000000000017,True,False,True,0.004239290317032582,0.004902480835375294,-0.27001360352720927,-0.5962053656164052,0.326191762089196,-1.171803601035901,-2.625608087110171,-0.3169151272327057,0.14366866177231186
28,modified,fixed_rk4,event_converged,8.52000000000001,True,False,True,0.00430662168372447,0.004989943042768916,3.245736584669458,9.273495163362896e-06,3.245727311174295,-1.171803601035901,-2.625608087110171,-0.31690719031960624,0.14357540003829858
29,original,fixed_rk4,event_converged,7.920000000000021,True,False,True,0.00410411879910748,0.0049891958485613255,0.140132610332697,-0.5962043829489564,0.7363369932816534,1.7500316908698412,-2.0712582270635385,-0.3159626442540622,0.1434047313682638
29,modified,fixed_rk4,event_converged,9.359999999999992,True,False,True,0.004236232284761111,0.004974117942251995,3.9354024543941057,8.972831985226172e-06,3.9353934815621203,1.7500316908698412,-2.0712582270635385,-0.3166722289000501,0.14353125868331698
30,original,fixed_rk4,event_converged,5.279999999999999,True,False,True,0.004697647936691413,0.0049258110199874175,-0.594817372797222,-0.5962063543153885,0.0013889815181664655,-0.8207764829180197,-0.472587831390328,-0.3183663806683034,0.14433681208195837
30,modified,fixed_rk4,event_converged,5.580000000000002,True,False,True,0.004583715073664694,0.004936262464172995,0.3036301090910924,1.0505221938270466e-05,0.3036196038691541,-0.8207764829180197,-0.472587831390328,-0.3179975773967024,0.1440910716456618
31,original,fixed_rk4,event_converged,7.80000000000002,True,False,True,0.004111092819532985,0.004929532014467722,0.0531378749974116,-0.5962047348518668,0.6493426098492784,0.5309581532986325,-2.4948514616034423,-0.3162626803677833,0.14349921613806335
31,modified,fixed_rk4,event_converged,9.179999999999996,True,False,True,0.004183154642327231,0.0048949192216708026,2.863120366417375,8.749391380811932e-06,2.8631116170259943,0.5309581532986325,-2.4948514616034423,-0.3167144600409196,0.14362276019067916
32,original,fixed_rk4,event_converged,7.77000000000002,True,False,True,0.004040454857874161,0.004943163721051881,0.09810211212769113,-0.596204258937867,0.6943063710655581,1.913894914058992,-1.4715162119070286,-0.3157965028061177,0.14343975430466951
32,modified,fixed_rk4,event_converged,9.239999999999995,True,False,True,0.00419183024749064,0.004930061435053129,3.448796740376611,8.785720411888718e-06,3.448787954656199,1.913894914058992,-1.4715162119070286,-0.3166329862541217,0.14356747450716129
33,original,fixed_rk4,event_converged,3.929999999999989,True,False,True,0.00416684508950848,0.0049184309565702385,-0.5919547111385925,-0.5962017433848169,0.004247032246224358,-0.11951788668514185,0.14282585366229128,-0.3128097487432829,0.14429098011244856
33,modified,fixed_rk4,event_converged,5.009999999999997,True,False,True,0.004046711659368304,0.004980858397025155,0.02199839906526896,8.187937627033684e-06,0.021990211127641924,-0.11951788668514185,0.14282585366229128,-0.3156232158867615,0.14339637785663306
34,original,fixed_rk4,event_converged,7.440000000000017,True,False,True,0.004064986427034098,0.004999878907132797,-0.02681259981721948,-0.5962040494433256,0.5693914496261061,1.5987144784480805,-0.9306446496244858,-0.31564499344250085,0.14337773020806677
34,modified,fixed_rk4,event_converged,8.940000000000001,True,False,True,0.004189140127672018,0.004934556355696731,2.279902313294125,8.774447504635966e-06,2.2798935388466206,1.5987144784480805,-0.9306446496244858,-0.31660597487423925,0.1435568582389001
35,original,fixed_rk4,event_converged,7.650000000000019,True,False,True,0.004091728107007116,0.004918657424430963,-0.24043324558295276,-0.5962046896796396,0.3557714440966868,-1.0728435559756933,2.750565999079905,-0.3148913734970724,0.15325129779633176
35,modified,fixed_rk4,event_converged,8.850000000000003,True,False,True,0.004211145899258005,0.004939569015356666,3.016221364761268,8.866874892418755e-06,3.0162124978863756,-1.0728435559756933,2.750565999079905,-0.3144158975668503,0.15318475005690305
36,original,fixed_rk4,event_converged,6.690000000000011,True,False,True,0.004880842298876771,0.004930454581402666,-0.59538642139073,-0.5962064987467984,0.0008200773560684826,2.320474089789551,2.874586056075258,-0.3122050557001816,0.1520007535775102
36,modified,fixed_rk4,event_converged,6.780000000000012,True,False,True,0.004820738821264977,0.004925099290983457,7.131521791702594,1.1619761391425621e-05,7.131510171941203,2.320474089789551,2.874586056075258,-0.3123673975505827,0.15213702266928095
37,original,fixed_rk4,event_converged,6.240000000000007,True,False,True,0.004777969869909984,0.00488289358640479,-0.5945932558474232,-0.5962064721413889,0.0016132162939657135,1.2327410260264573,1.8235391971689099,-0.3123988851731189,0.15210837307609157
37,modified,fixed_rk4,event_converged,6.390000000000009,True,False,True,0.004782430473169869,0.00498398179030119,2.551668105840295,1.1435820615351887e-05,2.5516566700196797,1.2327410260264573,1.8235391971689099,-0.3126098401933544,0.1524024842061153
38,original,fixed_rk4,event_converged,6.840000000000012,True,False,True,0.004632147355706841,0.004886475233074206,-0.5707351073117174,-0.5962063199778698,0.025471212666152376,-2.5495797903706223,-2.5748022995714104,-0.3182604939658207,0.14431217488412068
38,modified,fixed_rk4,event_converged,7.290000000000016,True,False,True,0.0045680088531400345,0.004997274014770135,5.883741701273259,1.0433352441182868e-05,5.883731267920817,-2.5495797903706223,-2.5748022995714104,-0.31780048701496855,0.1439158248786951
39,original,fixed_rk4,event_converged,4.799999999999995,True,False,True,0.0041178764364083595,0.004933086598897397,-0.5773758542874003,-0.5962018420916138,0.018825987804213407,0.14346100004527074,0.18631866982411704,-0.3130474564609743,0.1441243115149624
39,modified,fixed_rk4,event_converged,6.120000000000006,True,False,True,0.0040543031626613215,0.004932700988268211,0.12364595080783265,8.218687067382797e-06,0.12363773212076527,0.14346100004527074,0.18631866982411704,-0.3159378672035153,0.14345939738156752
40,original,fixed_rk4,event_converged,8.280000000000015,True,False,True,0.004042988815516752,0.004921991488264762,0.21906012590342194,-0.5962044046040552,0.8152645305074772,2.842502171200948,-2.650684138396663,-0.3159217727463754,0.1434688883248253
40,modified,fixed_rk4,event_converged,9.719999999999985,True,False,True,0.004214566449432249,0.004950377880720359,8.092441350729395,8.881285178339976e-06,8.092432469444217,2.842502171200948,-2.650684138396663,-0.3166607254408117,0.14355296447974986
41,original,fixed_rk4,event_converged,6.660000000000011,True,False,True,0.004066581982224226,0.004971459406245932,-0.3903490145179235,-0.5962042532415148,0.20585523872359135,0.33536581184977887,-0.6469479923944692,-0.3158177883536819,0.14341253398977244
41,modified,fixed_rk4,event_converged,8.04000000000002,True,False,True,0.00419545906846923,0.004939636358357478,0.40013522750892405,8.80093839760035e-06,0.40012642657052644,0.33536581184977887,-0.6469479923944692,-0.3166157244034728,0.1435538054870285
42,original,fixed_rk4,event_converged,6.960000000000013,True,False,True,0.00393682762001912,0.004913790523334435,-0.14255956616558055,-0.5962027360700928,0.45364316990451226,2.6411489707517353,0.6691151666173205,-0.3142021757318993,0.14365077725624553
42,modified,fixed_rk4,event_converged,8.610000000000008,True,False,True,0.0041374500490740105,0.004928716664953186,5.125833963413949,8.559246454291266e-06,5.125825404167494,2.6411489707517353,0.6691151666173205,-0.31639400624256137,0.1435210995781494
43,original,fixed_rk4,event_converged,7.74000000000002,True,False,True,0.0041135888781694665,0.00495480594958964,-0.218717290424971,-0.5962046204896788,0.3774873300647078,-1.2814255146066529,2.9136431337431077,-0.3149295266448294,0.1532927210109506
43,modified,fixed_rk4,event_converged,8.97,True,False,True,0.004173164467202162,0.0048976420388793665,3.5913251356743987,8.707650835159356e-06,3.5913164280235637,-1.2814255146066529,2.9136431337431077,-0.314434941030415,0.153146150655649
44,original,fixed_rk4,event_converged,6.270000000000008,True,False,True,0.004422754818879036,0.004883987289074303,-0.5701503572185977,-0.5962059378876955,0.026055580669097744,0.4983755930990732,1.4942667714881637,-0.3134822646055517,0.15280227574335542
44,modified,fixed_rk4,event_converged,6.960000000000013,True,False,True,0.0043419528384704914,0.004916271206886092,1.094121865327959,9.426277225750977e-06,1.0941124390507333,0.4983755930990732,1.4942667714881637,-0.3138429015937892,0.15298777516029222
45,original,fixed_rk4,event_converged,6.360000000000008,True,False,True,0.0046393467359307685,0.0049003555842611944,-0.5853209088702874,-0.5962063105562141,0.010885401685926666,1.0662236782345076,1.8663261640234836,-0.31284591812752,0.15246471780229104
45,modified,fixed_rk4,event_converged,6.780000000000012,True,False,True,0.004507276598812981,0.004920118293028163,2.3033007179705507,1.0157771169103559e-05,2.3032905601993816,1.0662236782345076,1.8663261640234836,-0.3132997300003838,0.15275305629943264
46,original,fixed_rk4,event_converged,6.390000000000009,True,False,True,0.005107795617032363,0.004909290902966638,-0.5855790516468364,-0.596206336843115,0.010627285196278535,2.276348903524461,2.4230525691850815,-0.3114922503774857,0.15114287433270174
46,modified,fixed_rk4,event_converged,6.090000000000006,True,False,True,0.0053697215947824594,0.004981083617961235,6.135185033871591,1.441695500273654e-05,6.135170616916588,2.276348903524461,2.4230525691850815,-0.310746809220723,0.14970316695387376
47,original,fixed_rk4,event_converged,7.440000000000017,True,False,True,0.004138222216138381,0.004908494738994548,-0.3101627484882331,-0.5962049535839126,0.28604220509567946,-0.33903450559205783,2.6643042098291776,-0.31462641568334915,0.1531978687886818
47,modified,fixed_rk4,event_converged,8.580000000000009,True,False,True,0.004215633488472665,0.004924850824497229,2.520001601834169,8.885782854566104e-06,2.5199927160513145,-0.33903450559205783,2.6643042098291776,-0.31434838027088446,0.15315317642638387
48,original,fixed_rk4,event_converged,6.9900000000000135,True,False,True,0.004411150466493854,0.004958447201074778,-0.4902019132350317,-0.5962057194636148,0.10600380622858308,0.9618823270459611,2.6091394646771358,-0.3137164569477881,0.15298444312829051
48,modified,fixed_rk4,event_converged,7.860000000000021,True,False,True,0.004310781576764399,0.00493490623268127,3.35097867467318,9.291418901285678e-06,3.3509693832542786,0.9618823270459611,2.6091394646771358,-0.31400902008688647,0.15306546244232316
49,original,fixed_rk4,event_converged,7.290000000000016,True,False,True,0.004080130307845858,0.004903687331775793,-0.32602402200215064,-0.5962047050344037,0.27018068303225307,-0.8105881774213737,2.047573426528042,-0.3148889441429525,0.15323586318871038
49,modified,fixed_rk4,event_converged,8.49000000000001,True,False,True,0.004172292008613446,0.004893980227490507,1.4935604521974288,8.704010302569814e-06,1.4935517481871263,-0.8105881774213737,2.047573426528042,-0.3144262836120838,0.15314036006003356
50,original,fixed_rk4,event_converged,6.420000000000009,True,False,True,0.00445478309628318,0.0049675439432395165,-0.550373734293916,-0.5962058111687987,0.045832076874882666,-1.149874947809759,-1.3417429356241122,-0.3175051983220987,0.14381093378384174
50,modified,fixed_rk4,event_converged,7.260000000000016,True,False,True,0.0042914223022192215,0.004893825468841561,1.242650560951478,9.208152687992262e-06,1.24264135279879,-1.149874947809759,-1.3417429356241122,-0.3171364776627957,0.14374781120672447
51,original,fixed_rk4,event_converged,6.690000000000011,True,False,True,0.004658127688403613,0.00496951171104655,-0.5703425104712131,-0.5962062332321423,0.025863722760929186,1.4696392689557722,2.463426856371557,-0.3129488084732174,0.15261225137114404
51,modified,fixed_rk4,event_converged,7.2300000000000155,True,False,True,0.004426513565164786,0.00488945660822332,4.014893983482492,9.797011171293931e-06,4.0148841864713205,1.4696392689557722,2.463426856371557,-0.31348386535565914,0.15280905662621558
52,original,fixed_rk4,event_converged,6.840000000000012,True,False,True,0.004287249443730145,0.00494962469960581,-0.4802062773286001,-0.5962053675709175,0.11599909024231736,0.27296178641509616,1.9899015706812868,-0.3141419120719233,0.15312236699533385
52,modified,fixed_rk4,event_converged,7.8300000000000205,True,False,True,0.004267401137086711,0.004940236525607282,1.5097681110651913,9.105356232404474e-06,1.509759005708959,0.27296178641509616,1.9899015706812868,-0.31419004469139405,0.15312659994663835
53,original,fixed_rk4,event_converged,7.890000000000021,True,False,True,0.004074345148610736,0.00499629891276354,-0.17868077433695106,-0.5962041399279654,0.41752336559101433,-2.9380767515470554,2.3994593171974614,-0.3153690587607534,0.15336976146775308
53,modified,fixed_rk4,event_converged,9.209999999999996,True,False,True,0.004149502743095545,0.004896592979452394,5.556985931139072,8.609186507478729e-06,5.556977321952564,-2.9380767515470554,2.3994593171974614,-0.31453325302804047,0.15316695841751765
54,original,fixed_rk4,event_converged,7.050000000000014,True,False,True,0.0041892460187776225,0.00499089354714256,-0.3934192955253331,-0.5962048178546079,0.20278552232927477,-0.4332648902470173,1.8889062184671905,-0.3146967230123524,0.15329442383787495
54,modified,fixed_rk4,event_converged,8.220000000000017,True,False,True,0.004190530466841121,0.004902614057380531,1.1439395110090986,8.780272796761831e-06,1.1439307307363018,-0.4332648902470173,1.8889062184671905,-0.31437884083985546,0.15313782931524925
55,original,fixed_rk4,event_converged,7.3500000000000165,True,False,True,0.004304916916910349,0.0049964722973914145,-0.3645448159621432,-0.5962052652850747,0.23166044932293145,0.45288554011671733,2.992295639705154,-0.3142181124902822,0.15319290043282358
55,modified,fixed_rk4,event_converged,8.400000000000013,True,False,True,0.004283092567178715,0.004968080058716742,3.6017405596225913,9.172440969510779e-06,3.601731387181622,0.45288554011671733,2.992295639705154,-0.314215231477078,0.15316263787236586
56,original,fixed_rk4,event_converged,7.560000000000018,True,False,True,0.0041434790477351035,0.00494951725241979,-0.07151748667884111,-0.5962047960618431,0.524687309383002,0.13537236767387384,-2.1630859084149385,-0.3163429943364545,0.14349141196076304
56,modified,fixed_rk4,event_converged,8.910000000000002,True,False,True,0.004208016670807397,0.004919744676264263,1.9478615084513695,8.853702150896484e-06,1.9478526547492185,0.13537236767387384,-2.1630859084149385,-0.31673543979866103,0.1436023712566019
57,original,fixed_rk4,event_converged,6.030000000000006,True,False,True,0.004800109637324358,0.004951931159759348,-0.593858454376402,-0.5962064363016555,0.0023479819252535394,-1.5124699129059638,-1.1987315008256811,-0.318609518201171,0.14448451844395666
57,modified,fixed_rk4,event_converged,6.270000000000008,True,False,True,0.004676616630598311,0.004946135498917504,1.575098082066125,1.0935371554794352e-05,1.5750871466945702,-1.5124699129059638,-1.1987315008256811,-0.3182574009153666,0.1442386140532657
58,original,fixed_rk4,event_converged,7.74000000000002,True,False,True,0.004079844990818941,0.004960016867084694,0.06986100585791383,-0.5962044060873358,0.6660654119452496,1.3833166719596424,-1.76698756213651,-0.3159585868582872,0.14343367354721182
58,modified,fixed_rk4,event_converged,9.179999999999996,True,False,True,0.004204940229686776,0.004937566159631859,2.727224570692522,8.840761167619135e-06,2.7272157299313546,1.3833166719596424,-1.76698756213651,-0.31666327026280966,0.1435667028941516
59,original,fixed_rk4,event_converged,6.390000000000009,True,False,True,0.003997048417792738,0.004987655387526386,-0.4324971027211798,-0.5962026323431435,0.16370552962196372,-1.938369586251863,0.10702391816124202,-0.3169098116363697,0.15317481628658872
59,modified,fixed_rk4,event_converged,7.8300000000000205,True,False,True,0.004138425729608598,0.004958394057655758,1.4519223681400257,8.563283759743227e-06,1.451913804856266,-1.938369586251863,0.10702391816124202,-0.31481673108225927,0.15328083949524576
60,original,fixed_rk4,event_converged,4.799999999999995,True,False,True,0.004342659609746762,0.004972082306635285,-0.5920827174586583,-0.5962054766629776,0.004122759204319371,-0.4312046700213479,-0.16583160739360814,-0.3170980776799012,0.14365237873949444
60,modified,fixed_rk4,event_converged,5.520000000000001,True,False,True,0.004301929502168342,0.004958100211535851,0.043449348591434366,9.253298720813177e-06,0.04344009529271355,-0.4312046700213479,-0.16583160739360814,-0.31698658309011185,0.14363185188595737
61,original,fixed_rk4,event_converged,7.1100000000000145,True,False,True,0.003992604601931209,0.0049970845637461025,-0.0999889171904203,-0.5962031350524941,0.4962142178620738,2.38677447190602,0.22404379037034872,-0.3147372254773049,0.14344579934076884
61,modified,fixed_rk4,event_converged,8.730000000000006,True,False,True,0.004155581517698606,0.004930973362667438,4.088103680114626,8.634428875119126e-06,4.088095045685751,2.38677447190602,0.22404379037034872,-0.31646972110484833,0.14353260416971253
62,original,fixed_rk4,event_converged,7.050000000000014,True,False,True,0.004285916884982258,0.004988395871130411,-0.3703854051546601,-0.5962052263157233,0.22581982116106314,-0.8016169942041622,-1.863895130989761,-0.3168299905686074,0.1435558141649261
62,modified,fixed_rk4,event_converged,8.220000000000017,True,False,True,0.0042672809141539635,0.004954342636973449,1.5689482539705368,9.104843200151343e-06,1.5689391491273368,-0.8016169942041622,-1.863895130989761,-0.316863563567326,0.14360017945659292
63,original,fixed_rk4,event_converged,4.889999999999996,True,False,True,0.005343894060491466,0.004987090811898155,-0.5844636449475399,-0.596204011054594,0.01174036610705409,0.4731354507910219,0.6037809497360813,-0.310561145604191,0.14842345071705373
63,modified,fixed_rk4,event_converged,5.31,True,False,True,0.004030239115783675,0.004944098247890668,0.461357645576464,8.12141366519639e-06,0.46134952416279884,0.4731354507910219,0.6037809497360813,-0.3135444821859773,0.14385671769999864
64,original,fixed_rk4,event_converged,6.660000000000011,True,False,True,0.004023897944988359,0.004979133134912223,-0.42219879774879676,-0.5962038592426692,0.1740050614938724,-1.3060090591261106,0.8110314790198148,-0.3156618739984211,0.15335449975069454
64,modified,fixed_rk4,event_converged,7.980000000000022,True,False,True,0.004153749436615537,0.004920525641174524,0.6506546614869769,8.626817191091946e-06,0.6506460346697859,-1.3060090591261106,0.8110314790198148,-0.3145997061327682,0.15320494766485382
65,original,fixed_rk4,event_converged,6.840000000000012,True,False,True,0.004653154683995082,0.004937142067549523,-0.5681663975643576,-0.5962062767225408,0.02803987915818318,1.839630526306431,2.8568809955133823,-0.3128888557275183,0.15253650427706847
65,modified,fixed_rk4,event_converged,7.320000000000016,True,False,True,0.004542620918887729,0.004992629521835536,5.67377249939298,1.0317702406358197e-05,5.673762181690574,1.839630526306431,2.8568809955133823,-0.31336636680585156,0.1528674092597404
66,original,fixed_rk4,event_converged,5.730000000000003,True,False,True,0.004212601737281807,0.004886695338420081,-0.501761112671665,-0.5962017052790696,0.09444059260740456,1.0512981278519806,0.5673813802091887,-0.312575431765001,0.14449806978996912
66,modified,fixed_rk4,event_converged,7.260000000000016,True,False,True,0.0040690625713629535,0.004929035627911739,1.191188345546387,8.278635104833444e-06,1.1911800669112822,1.0512981278519806,0.5673813802091887,-0.316041385690259,0.1434723868044384
67,original,fixed_rk4,event_converged,7.050000000000014,True,False,True,0.004036235085826143,0.004913117744410812,-0.3637659250156304,-0.5962044126066649,0.23243848759103453,-1.1071982675225704,1.4382852421304726,-0.31517716911255617,0.15327577029711165
67,modified,fixed_rk4,event_converged,8.280000000000015,True,False,True,0.004215476919218382,0.004964825287995815,0.9097736289039026,8.885122828231451e-06,0.9097647437810743,-1.1071982675225704,1.4382852421304726,-0.31448358745854516,0.15322604789392522
68,original,fixed_rk4,event_converged,6.960000000000013,True,False,True,0.004113632638361676,0.004904907130598216,-0.4168884657138854,-0.5962048598979969,0.1793163941841115,-0.43801887051124266,1.7162599152489673,-0.31472770669241945,0.1532124937207933
68,modified,fixed_rk4,event_converged,8.10000000000002,True,False,True,0.004210568065033061,0.004927822064497865,0.9156661060667808,8.864441715138128e-06,0.9156572416250657,-0.43801887051124266,1.7162599152489673,-0.31437909891373034,0.15316384526888838
69,original,fixed_rk4,event_converged,8.220000000000017,True,False,True,0.004050625297552688,0.004944729991522381,0.21413816704560423,-0.5962043159285674,0.8103424829741717,2.986916151120366,-2.307871582326132,-0.31585460027911433,0.1434414521141074
69,modified,fixed_rk4,event_converged,9.689999999999985,True,False,True,0.004176668288684421,0.004909026136208425,7.847297986174861,8.722278996851025e-06,7.847289263895864,2.986916151120366,-2.307871582326132,-0.3166399756737277,0.1435906301327035
70,original,fixed_rk4,event_converged,7.560000000000018,True,False,True,0.004029915914780433,0.0049916402716653615,0.054338168016560245,-0.5962038133627832,0.6505419813793434,2.425771594411268,-0.6086669759687733,-0.31540568056244705,0.1433870580604741
70,modified,fixed_rk4,event_converged,9.089999999999998,True,False,True,0.0042207617748106704,0.004981984426293625,4.161584483243561,8.907414979851461e-06,4.161575575828581,2.425771594411268,-0.6086669759687733,-0.31657852968436384,0.14350242888603074
71,original,fixed_rk4,event_converged,6.180000000000007,True,False,True,0.004638636974680342,0.0048831448247952025,-0.5886703974304355,-0.5962063333064747,0.007535935876039179,-1.498192952975936,-1.3018784028693626,-0.3182874577753151,0.14433432177307576
71,modified,fixed_rk4,event_converged,6.57000000000001,True,False,True,0.004531950966707182,0.0049281904209795375,1.6590468520408537,1.0269289782319083e-05,1.6590365827510714,-1.498192952975936,-1.3018784028693626,-0.31785535532646897,0.14402198710091335
72,original,fixed_rk4,event_converged,7.050000000000014,True,False,True,0.004549419724958283,0.0048753569622779795,-0.538369200870824,-0.5962062096822636,0.057837008811439605,-2.706649037771332,-2.980090236011677,-0.3180358774848495,0.1441838585654
72,modified,fixed_rk4,event_converged,7.650000000000019,True,False,True,0.004474171279482613,0.0049771717552803095,7.207039973510029,1.0009104319073542e-05,7.20702996440571,-2.706649037771332,-2.980090236011677,-0.31754504005589335,0.1438177062284382
73,original,fixed_rk4,event_converged,6.900000000000013,True,False,True,0.003917990301760919,0.004899195098594701,-0.34266975230076296,-0.5962033620417788,0.25353360974101585,-2.2750163527972203,0.4403537984399404,-0.3162485738714979,0.1532255171525299
73,modified,fixed_rk4,event_converged,8.280000000000015,True,False,True,0.0041726695976594536,0.004970002940762414,2.0660968705891705,8.705585785615753e-06,2.066088165003385,-2.2750163527972203,0.4403537984399404,-0.3146957422924767,0.15327305060000268
74,original,fixed_rk4,event_converged,5.700000000000003,True,False,True,0.005359342540352256,0.004964612533762169,-0.5651498366110672,-0.5962048787261224,0.031055042115055165,1.3975186919118334,1.3215987233434046,-0.3106644363930434,0.1492699871967682
74,modified,fixed_rk4,event_converged,5.910000000000005,True,False,True,0.0041518682469154095,0.004957811971031569,2.3388085083229453,8.619004969872217e-06,2.3387998893179756,1.3975186919118334,1.3215987233434046,-0.3129781254627769,0.14413690947671193
75,original,fixed_rk4,event_converged,8.190000000000017,True,False,True,0.004076116653515642,0.004959430919576545,0.20640637115497304,-0.5962043870040585,0.8026107581590316,2.5134701233622536,-2.522230803834817,-0.3159390495490686,0.14343267740150092
75,modified,fixed_rk4,event_converged,9.629999999999987,True,False,True,0.0042330710611181216,0.0049714121698479115,6.7766460091298235,8.959445304237849e-06,6.77663704968452,2.5134701233622536,-2.522230803834817,-0.31666798872432617,0.14353305397323046
76,original,fixed_rk4,event_converged,7.8300000000000205,True,False,True,0.004026266278389055,0.004880470075008224,-0.199759049076136,-0.5962045387493226,0.39644548967318655,-1.8110193595475115,2.8107456162519364,-0.31507977682581023,0.15323462484947062
76,modified,fixed_rk4,event_converged,9.059999999999999,True,False,True,0.0041949409244445065,0.004932930929985792,4.031077727511064,8.798764679789664e-06,4.031068928746384,-1.8110193595475115,2.8107456162519364,-0.3144622268258274,0.1531886190263758
77,original,fixed_rk4,event_converged,4.379999999999992,True,False,True,0.004146487842216651,0.004926159725368203,-0.58754593041694,-0.596201789447206,0.008655859030266,-0.6207265246497462,0.14189306395899814,-0.3181834576952604,0.1525385794099078
77,modified,fixed_rk4,event_converged,5.550000000000002,True,False,True,0.004029051171594723,0.004936598956354467,0.053242335973953385,8.116626671664407e-06,0.053234219347281724,-0.6207265246497462,0.14189306395899814,-0.3153474416522815,0.15330919111923702
78,original,fixed_rk4,event_converged,6.60000000000001,True,False,True,0.004495124742107209,0.004895226723130782,-0.5615711431073758,-0.5962060707514912,0.034634927644115465,1.0047176776028888,2.088953028380984,-0.31327728142619665,0.1527133729177265
78,modified,fixed_rk4,event_converged,7.2300000000000155,True,False,True,0.004421816258755145,0.0049645609764208684,2.512340165222725,9.776229513095675e-06,2.512330388993212,1.0047176776028888,2.088953028380984,-0.31369617119664195,0.15298291788682533
79,original,fixed_rk4,event_converged,7.020000000000014,True,False,True,0.003950203861740847,0.0049327266801569335,-0.3169277386692498,-0.5962034497613835,0.2792757110921337,-2.3712753643877313,0.568924559303011,-0.31611999598826795,0.1532761208284402
79,modified,fixed_rk4,event_converged,8.400000000000013,True,False,True,0.004169849821596633,0.004959946629217991,2.282824316867077,8.693823767334739e-06,2.28281562304331,-2.3712753643877313,0.568924559303011,-0.31467103564167764,0.15325846887238376
